INSERT INTO imatamoros.cliente
(tipo_identificacion, identificacion, nombre, apellido, telefono, email, direccion, activo)
VALUES
('CEDULA','0100000001','Juan','Perez','0991000001','juan1@gmail.com','Centro',true),
('CEDULA','0100000002','Maria','Lopez','0991000002','maria2@gmail.com','Norte',true),
('CEDULA','0100000003','Carlos','Diaz','0991000003','carlos3@gmail.com','Sur',true),
('CEDULA','0100000004','Ana','Vera','0991000004','ana4@gmail.com','Centro',true),
('CEDULA','0100000005','Pedro','Mora','0991000005','pedro5@gmail.com','Norte',true),
('CEDULA','0100000006','Luis','Paz','0991000006','luis6@gmail.com','Sur',true),
('CEDULA','0100000007','Sofia','Reyes','0991000007','sofia7@gmail.com','Centro',true),
('CEDULA','0100000008','Diego','Torres','0991000008','diego8@gmail.com','Norte',true),
('CEDULA','0100000009','Elena','Castro','0991000009','elena9@gmail.com','Sur',true),
('CEDULA','0100000010','Marco','Rios','0991000010','marco10@gmail.com','Centro',true),
('CEDULA','0100000011','Paula','Ortiz','0991000011','paula11@gmail.com','Norte',true),
('CEDULA','0100000012','Jorge','Silva','0991000012','jorge12@gmail.com','Sur',true),
('CEDULA','0100000013','Andrea','Leon','0991000013','andrea13@gmail.com','Centro',true),
('CEDULA','0100000014','Oscar','Flores','0991000014','oscar14@gmail.com','Norte',true),
('CEDULA','0100000015','Valeria','Cruz','0991000015','valeria15@gmail.com','Sur',true),
('CEDULA','0100000016','Miguel','Navas','0991000016','miguel16@gmail.com','Centro',true),
('CEDULA','0100000017','Camila','Mendez','0991000017','camila17@gmail.com','Norte',true),
('CEDULA','0100000018','Andres','Guerrero','0991000018','andres18@gmail.com','Sur',true),
('CEDULA','0100000019','Lucia','Salas','0991000019','lucia19@gmail.com','Centro',true),
('CEDULA','0100000020','Fernando','Cedeno','0991000020','fernando20@gmail.com','Norte',true),
('CEDULA','0100000021','Daniel','Paredes','0991000021','daniel21@gmail.com','Sur',true),
('CEDULA','0100000022','Natalia','Vargas','0991000022','natalia22@gmail.com','Centro',true),
('CEDULA','0100000023','Ricardo','Santos','0991000023','ricardo23@gmail.com','Norte',true),
('CEDULA','0100000024','Monica','Ibarra','0991000024','monica24@gmail.com','Sur',true),
('CEDULA','0100000025','Sebastian','Bravo','0991000025','sebastian25@gmail.com','Centro',true),
('CEDULA','0100000026','Paolo','Ramon','0991000026','paolo26@gmail.com','Norte',true),
('CEDULA','0100000027','Karla','Benitez','0991000027','karla27@gmail.com','Sur',true),
('CEDULA','0100000028','Ivan','Zamora','0991000028','ivan28@gmail.com','Centro',true),
('CEDULA','0100000029','Rosa','Peña','0991000029','rosa29@gmail.com','Norte',true),
('CEDULA','0100000030','Hector','Luna','0991000030','hector30@gmail.com','Sur',true);


INSERT INTO imatamoros.empleado
(nombre, apellido, telefono, especialidad, activo, creado_en)
VALUES
('Luis','Mora','0981000001','Fade',true,now()),
('Carlos','Paz','0981000002','Barba',true,now()),
('Miguel','Torres','0981000003','Corte Clasico',true,now()),
('Andres','Vega','0981000004','Fade',true,now()),
('Pedro','Leon','0981000005','Barba',true,now()),
('Juan','Rios','0981000006','Corte Clasico',true,now()),
('Diego','Ortiz','0981000007','Fade',true,now()),
('Marco','Salas','0981000008','Barba',true,now()),
('Jorge','Cruz','0981000009','Corte Clasico',true,now()),
('Alex','Reyes','0981000010','Fade',true,now()),
('Empleado11','Apellido11','0981000011','Barba',true,now()),
('Empleado12','Apellido12','0981000012','Fade',true,now()),
('Empleado13','Apellido13','0981000013','Corte Clasico',true,now()),
('Empleado14','Apellido14','0981000014','Barba',true,now()),
('Empleado15','Apellido15','0981000015','Fade',true,now()),
('Empleado16','Apellido16','0981000016','Corte Clasico',true,now()),
('Empleado17','Apellido17','0981000017','Barba',true,now()),
('Empleado18','Apellido18','0981000018','Fade',true,now()),
('Empleado19','Apellido19','0981000019','Corte Clasico',true,now()),
('Empleado20','Apellido20','0981000020','Barba',true,now()),
('Empleado21','Apellido21','0981000021','Fade',true,now()),
('Empleado22','Apellido22','0981000022','Corte Clasico',true,now()),
('Empleado23','Apellido23','0981000023','Barba',true,now()),
('Empleado24','Apellido24','0981000024','Fade',true,now()),
('Empleado25','Apellido25','0981000025','Corte Clasico',true,now()),
('Empleado26','Apellido26','0981000026','Barba',true,now()),
('Empleado27','Apellido27','0981000027','Fade',true,now()),
('Empleado28','Apellido28','0981000028','Corte Clasico',true,now()),
('Empleado29','Apellido29','0981000029','Barba',true,now()),
('Empleado30','Apellido30','0981000030','Fade',true,now()),
('Empleado31','Apellido31','0981000031','Corte Clasico',true,now()),
('Empleado32','Apellido32','0981000032','Fade',true,now()),
('Empleado33','Apellido33','0981000033','Barba',true,now()),
('Empleado34','Apellido34','0981000034','Corte Clasico',true,now()),
('Empleado35','Apellido35','0981000035','Fade',true,now()),
('Empleado36','Apellido36','0981000036','Barba',true,now()),
('Empleado37','Apellido37','0981000037','Corte Clasico',true,now()),
('Empleado38','Apellido38','0981000038','Fade',true,now()),
('Empleado39','Apellido39','0981000039','Barba',true,now()),
('Empleado40','Apellido40','0981000040','Corte Clasico',true,now()),
('Empleado41','Apellido41','0981000041','Fade',true,now()),
('Empleado42','Apellido42','0981000042','Barba',true,now()),
('Empleado43','Apellido43','0981000043','Corte Clasico',true,now()),
('Empleado44','Apellido44','0981000044','Fade',true,now()),
('Empleado45','Apellido45','0981000045','Barba',true,now()),
('Empleado46','Apellido46','0981000046','Corte Clasico',true,now()),
('Empleado47','Apellido47','0981000047','Fade',true,now()),
('Empleado48','Apellido48','0981000048','Barba',true,now()),
('Empleado49','Apellido49','0981000049','Corte Clasico',true,now()),
('Empleado50','Apellido50','0981000050','Fade',true,now()),
('Empleado51','Apellido51','0981000051','Barba',true,now()),
('Empleado52','Apellido52','0981000052','Fade',true,now()),
('Empleado53','Apellido53','0981000053','Corte Clasico',true,now()),
('Empleado54','Apellido54','0981000054','Barba',true,now()),
('Empleado55','Apellido55','0981000055','Fade',true,now()),
('Empleado56','Apellido56','0981000056','Corte Clasico',true,now()),
('Empleado57','Apellido57','0981000057','Barba',true,now()),
('Empleado58','Apellido58','0981000058','Fade',true,now()),
('Empleado59','Apellido59','0981000059','Corte Clasico',true,now()),
('Empleado60','Apellido60','0981000060','Barba',true,now()),
('Empleado61','Apellido61','0981000061','Fade',true,now()),
('Empleado62','Apellido62','0981000062','Corte Clasico',true,now()),
('Empleado63','Apellido63','0981000063','Barba',true,now()),
('Empleado64','Apellido64','0981000064','Fade',true,now()),
('Empleado65','Apellido65','0981000065','Corte Clasico',true,now()),
('Empleado66','Apellido66','0981000066','Barba',true,now()),
('Empleado67','Apellido67','0981000067','Fade',true,now()),
('Empleado68','Apellido68','0981000068','Corte Clasico',true,now()),
('Empleado69','Apellido69','0981000069','Barba',true,now()),
('Empleado70','Apellido70','0981000070','Fade',true,now()),
('Empleado71','Apellido71','0981000071','Corte Clasico',true,now()),
('Empleado72','Apellido72','0981000072','Barba',true,now()),
('Empleado73','Apellido73','0981000073','Fade',true,now()),
('Empleado74','Apellido74','0981000074','Corte Clasico',true,now()),
('Empleado75','Apellido75','0981000075','Barba',true,now()),
('Empleado76','Apellido76','0981000076','Fade',true,now()),
('Empleado77','Apellido77','0981000077','Corte Clasico',true,now()),
('Empleado78','Apellido78','0981000078','Barba',true,now()),
('Empleado79','Apellido79','0981000079','Fade',true,now()),
('Empleado80','Apellido80','0981000080','Corte Clasico',true,now()),
('Empleado81','Apellido81','0981000081','Barba',true,now()),
('Empleado82','Apellido82','0981000082','Fade',true,now()),
('Empleado83','Apellido83','0981000083','Corte Clasico',true,now()),
('Empleado84','Apellido84','0981000084','Barba',true,now()),
('Empleado85','Apellido85','0981000085','Fade',true,now()),
('Empleado86','Apellido86','0981000086','Corte Clasico',true,now()),
('Empleado87','Apellido87','0981000087','Barba',true,now()),
('Empleado88','Apellido88','0981000088','Fade',true,now()),
('Empleado89','Apellido89','0981000089','Corte Clasico',true,now()),
('Empleado90','Apellido90','0981000090','Barba',true,now()),
('Empleado91','Apellido91','0981000091','Fade',true,now()),
('Empleado92','Apellido92','0981000092','Corte Clasico',true,now()),
('Empleado93','Apellido93','0981000093','Barba',true,now()),
('Empleado94','Apellido94','0981000094','Fade',true,now()),
('Empleado95','Apellido95','0981000095','Corte Clasico',true,now()),
('Empleado96','Apellido96','0981000096','Barba',true,now()),
('Empleado97','Apellido97','0981000097','Fade',true,now()),
('Empleado98','Apellido98','0981000098','Corte Clasico',true,now()),
('Empleado99','Apellido99','0981000099','Barba',true,now()),
('Empleado100','Apellido100','0981000100','Fade',true,now());


INSERT INTO imatamoros.servicio
(nombre, precio, duracion_min, activo, creado_en)
VALUES
('Corte de cabello básico', 5.00, 30, true, NOW()),
('Corte moderno', 7.00, 35, true, NOW()),
('Corte premium', 10.00, 45, true, NOW()),
('Lavado de cabello', 4.00, 20, true, NOW()),
('Peinado sencillo', 6.00, 30, true, NOW()),
('Peinado elegante', 12.00, 50, true, NOW()),
('Tinte completo', 20.00, 90, true, NOW()),
('Mechas', 25.00, 120, true, NOW()),
('Balayage', 30.00, 150, true, NOW()),
('Alisado permanente', 35.00, 180, true, NOW()),
('Tratamiento capilar', 15.00, 60, true, NOW()),
('Hidratación profunda', 18.00, 70, true, NOW()),
('Mascarilla nutritiva', 10.00, 40, true, NOW()),
('Corte infantil', 4.00, 25, true, NOW()),
('Corte juvenil', 6.00, 30, true, NOW()),
('Corte adulto mayor', 4.00, 30, true, NOW()),
('Barba básica', 5.00, 25, true, NOW()),
('Barba completa', 8.00, 35, true, NOW()),
('Perfilado de barba', 6.00, 30, true, NOW()),
('Afeitado clásico', 7.00, 30, true, NOW()),
('Corte + barba', 12.00, 60, true, NOW()),
('Corte + lavado', 9.00, 45, true, NOW()),
('Corte + peinado', 10.00, 50, true, NOW()),
('Lavado + peinado', 8.00, 40, true, NOW()),
('Tratamiento anticaída', 20.00, 60, true, NOW()),
('Tratamiento anticaspa', 18.00, 60, true, NOW()),
('Botox capilar', 22.00, 80, true, NOW()),
('Keratina', 28.00, 120, true, NOW()),
('Corte express', 3.00, 15, true, NOW()),
('Peinado express', 4.00, 20, true, NOW()),
('Coloración raíz', 15.00, 60, true, NOW()),
('Color fantasía', 35.00, 150, true, NOW()),
('Matizado', 12.00, 45, true, NOW()),
('Secado básico', 5.00, 20, true, NOW()),
('Secado profesional', 8.00, 30, true, NOW()),
('Planchado', 10.00, 40, true, NOW()),
('Ondas', 12.00, 45, true, NOW()),
('Recogido', 15.00, 60, true, NOW()),
('Peinado novia', 30.00, 90, true, NOW()),
('Prueba de peinado', 15.00, 60, true, NOW()),
('Corte universitario', 5.00, 30, true, NOW()),
('Corte ejecutivo', 9.00, 40, true, NOW()),
('Corte clásico', 6.00, 30, true, NOW()),
('Corte fade', 8.00, 35, true, NOW()),
('Corte low fade', 8.00, 35, true, NOW()),
('Corte mid fade', 9.00, 40, true, NOW()),
('Corte high fade', 10.00, 45, true, NOW()),
('Diseño de líneas', 4.00, 15, true, NOW()),
('Diseño artístico', 7.00, 25, true, NOW()),
('Tratamiento brillo', 10.00, 40, true, NOW()),
('Spa capilar', 25.00, 90, true, NOW()),
('Masaje capilar', 12.00, 30, true, NOW()),
('Exfoliación cuero cabelludo', 15.00, 45, true, NOW()),
('Corte y spa', 18.00, 70, true, NOW()),
('Barba y spa', 15.00, 60, true, NOW()),
('Corte barba spa', 20.00, 90, true, NOW()),
('Lavado premium', 6.00, 25, true, NOW()),
('Lavado terapéutico', 8.00, 30, true, NOW()),
('Tratamiento fortalecedor', 18.00, 60, true, NOW()),
('Tratamiento reparador', 20.00, 70, true, NOW()),
('Corte VIP', 15.00, 60, true, NOW()),
('Servicio completo', 40.00, 150, true, NOW()),
('Servicio deluxe', 50.00, 180, true, NOW()),
('Paquete masculino', 20.00, 90, true, NOW()),
('Paquete femenino', 25.00, 120, true, NOW()),
('Paquete infantil', 10.00, 60, true, NOW()),
('Paquete familiar', 60.00, 180, true, NOW()),
('Paquete mensual', 80.00, 240, true, NOW()),
('Mantenimiento capilar', 15.00, 50, true, NOW()),
('Servicio express', 5.00, 20, true, NOW());
('Servicio capilar básico', 6.00, 30, true, NOW()),
('Servicio capilar medio', 9.00, 45, true, NOW()),
('Servicio capilar avanzado', 14.00, 60, true, NOW()),
('Corte escolar', 4.00, 25, true, NOW()),
('Corte universitario premium', 7.00, 35, true, NOW()),
('Corte deportivo', 6.00, 30, true, NOW()),
('Corte artístico', 12.00, 50, true, NOW()),
('Barba express', 4.00, 20, true, NOW()),
('Barba detallada', 9.00, 40, true, NOW()),
('Barba premium', 12.00, 50, true, NOW()),
('Lavado hidratante', 7.00, 30, true, NOW()),
('Lavado nutritivo', 9.00, 35, true, NOW()),
('Lavado revitalizante', 10.00, 40, true, NOW()),
('Tratamiento revitalizante', 16.00, 60, true, NOW()),
('Tratamiento intensivo', 20.00, 75, true, NOW()),
('Tratamiento reconstructivo', 22.00, 80, true, NOW()),
('Peinado rápido', 5.00, 20, true, NOW()),
('Peinado profesional largo', 14.00, 60, true, NOW()),
('Peinado fiesta', 18.00, 75, true, NOW()),
('Peinado gala', 22.00, 90, true, NOW()),
('Spa premium', 30.00, 120, true, NOW()),
('Spa deluxe', 35.00, 150, true, NOW()),
('Spa ejecutivo', 28.00, 110, true, NOW()),
('Servicio barbería completo', 25.00, 90, true, NOW()),
('Servicio barbería VIP', 35.00, 120, true, NOW()),
('Servicio barbería express', 15.00, 60, true, NOW()),
('Servicio mantenimiento mensual', 40.00, 180, true, NOW()),
('Servicio cuidado capilar', 18.00, 70, true, NOW()),
('Servicio renovación capilar', 24.00, 90, true, NOW()),
('Servicio final premium', 50.00, 180, true, NOW());


INSERT INTO Imatamoros.cita
(id_cliente, id_empleado, fecha, hora, estado, creado_en)
VALUES
(1,1,'2025-01-01','08:00','Confirmada',NOW()),
(2,2,'2025-01-01','08:30','Confirmada',NOW()),
(3,3,'2025-01-01','09:00','Confirmada',NOW()),
(4,4,'2025-01-01','09:30','Confirmada',NOW()),
(5,5,'2025-01-01','10:00','Confirmada',NOW()),
(6,6,'2025-01-01','10:30','Confirmada',NOW()),
(7,7,'2025-01-01','11:00','Confirmada',NOW()),
(8,8,'2025-01-01','11:30','Confirmada',NOW()),
(9,9,'2025-01-01','12:00','Confirmada',NOW()),
(10,10,'2025-01-01','12:30','Confirmada',NOW()),
(11,11,'2025-01-02','08:00','Confirmada',NOW()),
(12,12,'2025-01-02','08:30','Confirmada',NOW()),
(13,13,'2025-01-02','09:00','Confirmada',NOW()),
(14,14,'2025-01-02','09:30','Confirmada',NOW()),
(15,15,'2025-01-02','10:00','Confirmada',NOW()),
(16,16,'2025-01-02','10:30','Confirmada',NOW()),
(17,17,'2025-01-02','11:00','Confirmada',NOW()),
(18,18,'2025-01-02','11:30','Confirmada',NOW()),
(19,19,'2025-01-02','12:00','Confirmada',NOW()),
(20,20,'2025-01-02','12:30','Confirmada',NOW()),
(21,21,'2025-01-03','08:00','Confirmada',NOW()),
(22,22,'2025-01-03','08:30','Confirmada',NOW()),
(23,23,'2025-01-03','09:00','Confirmada',NOW()),
(24,24,'2025-01-03','09:30','Confirmada',NOW()),
(25,25,'2025-01-03','10:00','Confirmada',NOW()),
(26,26,'2025-01-03','10:30','Confirmada',NOW()),
(27,27,'2025-01-03','11:00','Confirmada',NOW()),
(28,28,'2025-01-03','11:30','Confirmada',NOW()),
(29,29,'2025-01-03','12:00','Confirmada',NOW()),
(30,30,'2025-01-03','12:30','Confirmada',NOW()),
(31,31,'2025-01-04','08:00','Confirmada',NOW()),
(32,32,'2025-01-04','08:30','Confirmada',NOW()),
(33,33,'2025-01-04','09:00','Confirmada',NOW()),
(34,34,'2025-01-04','09:30','Confirmada',NOW()),
(35,35,'2025-01-04','10:00','Confirmada',NOW()),
(36,36,'2025-01-04','10:30','Confirmada',NOW()),
(37,37,'2025-01-04','11:00','Confirmada',NOW()),
(38,38,'2025-01-04','11:30','Confirmada',NOW()),
(39,39,'2025-01-04','12:00','Confirmada',NOW()),
(40,40,'2025-01-04','12:30','Confirmada',NOW()),
(41,41,'2025-01-05','08:00','Confirmada',NOW()),
(42,42,'2025-01-05','08:30','Confirmada',NOW()),
(43,43,'2025-01-05','09:00','Confirmada',NOW()),
(44,44,'2025-01-05','09:30','Confirmada',NOW()),
(45,45,'2025-01-05','10:00','Confirmada',NOW()),
(46,46,'2025-01-05','10:30','Confirmada',NOW()),
(47,47,'2025-01-05','11:00','Confirmada',NOW()),
(48,48,'2025-01-05','11:30','Confirmada',NOW()),
(49,49,'2025-01-05','12:00','Confirmada',NOW()),
(50,50,'2025-01-05','12:30','Confirmada',NOW()),
(51,51,'2025-01-06','08:00','Confirmada',NOW()),
(52,52,'2025-01-06','08:30','Confirmada',NOW()),
(53,53,'2025-01-06','09:00','Confirmada',NOW()),
(54,54,'2025-01-06','09:30','Confirmada',NOW()),
(55,55,'2025-01-06','10:00','Confirmada',NOW()),
(56,56,'2025-01-06','10:30','Confirmada',NOW()),
(57,57,'2025-01-06','11:00','Confirmada',NOW()),
(58,58,'2025-01-06','11:30','Confirmada',NOW()),
(59,59,'2025-01-06','12:00','Confirmada',NOW()),
(60,60,'2025-01-06','12:30','Confirmada',NOW()),
(61,61,'2025-01-07','08:00','Confirmada',NOW()),
(62,62,'2025-01-07','08:30','Confirmada',NOW()),
(63,63,'2025-01-07','09:00','Confirmada',NOW()),
(64,64,'2025-01-07','09:30','Confirmada',NOW()),
(65,65,'2025-01-07','10:00','Confirmada',NOW()),
(66,66,'2025-01-07','10:30','Confirmada',NOW()),
(67,67,'2025-01-07','11:00','Confirmada',NOW()),
(68,68,'2025-01-07','11:30','Confirmada',NOW()),
(69,69,'2025-01-07','12:00','Confirmada',NOW()),
(70,70,'2025-01-07','12:30','Confirmada',NOW()),
(71,71,'2025-01-08','08:00','Confirmada',NOW()),
(72,72,'2025-01-08','08:30','Confirmada',NOW()),
(73,73,'2025-01-08','09:00','Confirmada',NOW()),
(74,74,'2025-01-08','09:30','Confirmada',NOW()),
(75,75,'2025-01-08','10:00','Confirmada',NOW()),
(76,76,'2025-01-08','10:30','Confirmada',NOW()),
(77,77,'2025-01-08','11:00','Confirmada',NOW()),
(78,78,'2025-01-08','11:30','Confirmada',NOW()),
(79,79,'2025-01-08','12:00','Confirmada',NOW()),
(80,80,'2025-01-08','12:30','Confirmada',NOW()),
(81,81,'2025-01-09','08:00','Confirmada',NOW()),
(82,82,'2025-01-09','08:30','Confirmada',NOW()),
(83,83,'2025-01-09','09:00','Confirmada',NOW()),
(84,84,'2025-01-09','09:30','Confirmada',NOW()),
(85,85,'2025-01-09','10:00','Confirmada',NOW()),
(86,86,'2025-01-09','10:30','Confirmada',NOW()),
(87,87,'2025-01-09','11:00','Confirmada',NOW()),
(88,88,'2025-01-09','11:30','Confirmada',NOW()),
(89,89,'2025-01-09','12:00','Confirmada',NOW()),
(90,90,'2025-01-09','12:30','Confirmada',NOW()),
(91,91,'2025-01-10','08:00','Confirmada',NOW()),
(92,92,'2025-01-10','08:30','Confirmada',NOW()),
(93,93,'2025-01-10','09:00','Confirmada',NOW()),
(94,94,'2025-01-10','09:30','Confirmada',NOW()),
(95,95,'2025-01-10','10:00','Confirmada',NOW()),
(96,96,'2025-01-10','10:30','Confirmada',NOW()),
(97,97,'2025-01-10','11:00','Confirmada',NOW()),
(98,98,'2025-01-10','11:30','Confirmada',NOW()),
(99,99,'2025-01-10','12:00','Confirmada',NOW()),
(100,100,'2025-01-10','12:30','Confirmada',NOW());


INSERT INTO Imatamoros.detalle_cita
(id_cita, id_servicio, cantidad, precio, subtotal, creado_en)
VALUES
(1,1,1,5.00,5.00,NOW()),
(2,2,1,7.00,7.00,NOW()),
(3,3,1,4.00,4.00,NOW()),
(4,4,1,10.00,10.00,NOW()),
(5,5,1,3.00,3.00,NOW()),
(6,6,1,15.00,15.00,NOW()),
(7,7,1,6.00,6.00,NOW()),
(8,8,1,4.50,4.50,NOW()),
(9,9,1,4.00,4.00,NOW()),
(10,10,1,20.00,20.00,NOW()),
(11,1,1,5.00,5.00,NOW()),
(12,2,1,7.00,7.00,NOW()),
(13,3,1,4.00,4.00,NOW()),
(14,4,1,10.00,10.00,NOW()),
(15,5,1,3.00,3.00,NOW()),
(16,6,1,15.00,15.00,NOW()),
(17,7,1,6.00,6.00,NOW()),
(18,8,1,4.50,4.50,NOW()),
(19,9,1,4.00,4.00,NOW()),
(20,10,1,20.00,20.00,NOW()),
(21,1,1,5.00,5.00,NOW()),
(22,2,1,7.00,7.00,NOW()),
(23,3,1,4.00,4.00,NOW()),
(24,4,1,10.00,10.00,NOW()),
(25,5,1,3.00,3.00,NOW()),
(26,6,1,15.00,15.00,NOW()),
(27,7,1,6.00,6.00,NOW()),
(28,8,1,4.50,4.50,NOW()),
(29,9,1,4.00,4.00,NOW()),
(30,10,1,20.00,20.00,NOW()),
(31,1,1,5.00,5.00,NOW()),
(32,2,1,7.00,7.00,NOW()),
(33,3,1,4.00,4.00,NOW()),
(34,4,1,10.00,10.00,NOW()),
(35,5,1,3.00,3.00,NOW()),
(36,6,1,15.00,15.00,NOW()),
(37,7,1,6.00,6.00,NOW()),
(38,8,1,4.50,4.50,NOW()),
(39,9,1,4.00,4.00,NOW()),
(40,10,1,20.00,20.00,NOW()),
(41,1,1,5.00,5.00,NOW()),
(42,2,1,7.00,7.00,NOW()),
(43,3,1,4.00,4.00,NOW()),
(44,4,1,10.00,10.00,NOW()),
(45,5,1,3.00,3.00,NOW()),
(46,6,1,15.00,15.00,NOW()),
(47,7,1,6.00,6.00,NOW()),
(48,8,1,4.50,4.50,NOW()),
(49,9,1,4.00,4.00,NOW()),
(50,10,1,20.00,20.00,NOW()),
(51,1,1,5.00,5.00,NOW()),
(52,2,1,7.00,7.00,NOW()),
(53,3,1,4.00,4.00,NOW()),
(54,4,1,10.00,10.00,NOW()),
(55,5,1,3.00,3.00,NOW()),
(56,6,1,15.00,15.00,NOW()),
(57,7,1,6.00,6.00,NOW()),
(58,8,1,4.50,4.50,NOW()),
(59,9,1,4.00,4.00,NOW()),
(60,10,1,20.00,20.00,NOW()),
(61,1,1,5.00,5.00,NOW()),
(62,2,1,7.00,7.00,NOW()),
(63,3,1,4.00,4.00,NOW()),
(64,4,1,10.00,10.00,NOW()),
(65,5,1,3.00,3.00,NOW()),
(66,6,1,15.00,15.00,NOW()),
(67,7,1,6.00,6.00,NOW()),
(68,8,1,4.50,4.50,NOW()),
(69,9,1,4.00,4.00,NOW()),
(70,10,1,20.00,20.00,NOW()),
(71,1,1,5.00,5.00,NOW()),
(72,2,1,7.00,7.00,NOW()),
(73,3,1,4.00,4.00,NOW()),
(74,4,1,10.00,10.00,NOW()),
(75,5,1,3.00,3.00,NOW()),
(76,6,1,15.00,15.00,NOW()),
(77,7,1,6.00,6.00,NOW()),
(78,8,1,4.50,4.50,NOW()),
(79,9,1,4.00,4.00,NOW()),
(80,10,1,20.00,20.00,NOW()),
(81,1,1,5.00,5.00,NOW()),
(82,2,1,7.00,7.00,NOW()),
(83,3,1,4.00,4.00,NOW()),
(84,4,1,10.00,10.00,NOW()),
(85,5,1,3.00,3.00,NOW()),
(86,6,1,15.00,15.00,NOW()),
(87,7,1,6.00,6.00,NOW()),
(88,8,1,4.50,4.50,NOW()),
(89,9,1,4.00,4.00,NOW()),
(90,10,1,20.00,20.00,NOW()),
(91,1,1,5.00,5.00,NOW()),
(92,2,1,7.00,7.00,NOW()),
(93,3,1,4.00,4.00,NOW()),
(94,4,1,10.00,10.00,NOW()),
(95,5,1,3.00,3.00,NOW()),
(96,6,1,15.00,15.00,NOW()),
(97,7,1,6.00,6.00,NOW()),
(98,8,1,4.50,4.50,NOW()),
(99,9,1,4.00,4.00,NOW()),
(100,10,1,20.00,20.00,NOW());
